,country_name,date,confirmed_cases,deaths,stringency_index
2985,United Kingdom,2020-08-27,328846.0,41465.0,64.35
2986,United Kingdom,2020-08-28,330368.0,41477.0,64.35
2987,United Kingdom,2020-08-29,331644.0,41486.0,64.35
2988,United Kingdom,2020-08-30,332752.0,41498.0,64.35
2989,United Kingdom,2020-08-31,334467.0,41499.0,64.35
2990,United Kingdom,2020-09-01,335873.0,41501.0,62.5
2991,United Kingdom,2020-09-02,337168.0,41504.0,62.5
2992,United Kingdom,2020-09-03,338676.0,41514.0,62.5
2993,United Kingdom,2020-09-04,340411.0,41527.0,62.5
2994,United Kingdom,2020-09-05,342351.0,41537.0,62.5
2995,United Kingdom,2020-09-06,344164.0,41549.0,62.5
2996,United Kingdom,2020-09-07,347152.0,41551.0,62.5
2997,United Kingdom,2020-09-08,350100.0,41554.0,62.5
2998,United Kingdom,2020-09-09,352560.0,41586.0,62.5
2999,United Kingdom,2020-09-10,355219.0,41594.0,62.5
3000,United Kingdom,2020-09-11,358138.0,41608.0,62.5
3001,United Kingdom,2020-09-12,361677.0,41614.0,62.5
3002,United Kingdom,2020-09-13,365174.0,41623.0,62.5
6654,United Kingdom,2020-01-01,0.0,0.0,0.0
6655,United Kingdom,2020-01-02,0.0,0.0,0.0
6656,United Kingdom,2020-01-03,0.0,0.0,0.0
6657,United Kingdom,2020-01-04,0.0,0.0,0.0
6658,United Kingdom,2020-01-05,0.0,0.0,0.0
6659,United Kingdom,2020-01-06,0.0,0.0,0.0
6660,United Kingdom,2020-01-07,0.0,0.0,0.0
6661,United Kingdom,2020-01-08,0.0,0.0,0.0
6662,United Kingdom,2020-01-09,0.0,0.0,0.0
6663,United Kingdom,2020-01-10,0.0,0.0,0.0
6664,United Kingdom,2020-01-11,0.0,0.0,0.0
6665,United Kingdom,2020-01-12,0.0,0.0,0.0
6666,United Kingdom,2020-01-13,0.0,0.0,0.0
6667,United Kingdom,2020-01-14,0.0,0.0,0.0
6668,United Kingdom,2020-01-15,0.0,0.0,0.0
6669,United Kingdom,2020-01-16,0.0,0.0,0.0
6670,United Kingdom,2020-01-17,0.0,0.0,0.0
6671,United Kingdom,2020-01-18,0.0,0.0,0.0
6672,United Kingdom,2020-01-19,0.0,0.0,0.0
15842,United Kingdom,2020-01-20,0.0,0.0,5.56
15843,United Kingdom,2020-01-21,0.0,0.0,5.56
15844,United Kingdom,2020-01-22,0.0,0.0,5.56
15845,United Kingdom,2020-01-23,0.0,0.0,5.56
15846,United Kingdom,2020-01-24,0.0,0.0,5.56
15847,United Kingdom,2020-01-25,0.0,0.0,5.56
15848,United Kingdom,2020-01-26,0.0,0.0,5.56
15849,United Kingdom,2020-01-27,0.0,0.0,5.56
15850,United Kingdom,2020-01-28,0.0,0.0,5.56
15851,United Kingdom,2020-01-29,0.0,0.0,5.56
15852,United Kingdom,2020-01-30,0.0,0.0,5.56
30621,United Kingdom,2020-01-31,0.0,0.0,8.33
30622,United Kingdom,2020-02-01,2.0,0.0,8.33
30623,United Kingdom,2020-02-02,2.0,0.0,11.11
30624,United Kingdom,2020-02-03,2.0,0.0,11.11
30625,United Kingdom,2020-02-04,2.0,0.0,11.11
30626,United Kingdom,2020-02-05,3.0,0.0,11.11
30627,United Kingdom,2020-02-06,3.0,0.0,11.11
30628,United Kingdom,2020-02-07,4.0,0.0,11.11
30629,United Kingdom,2020-02-08,4.0,0.0,11.11
30630,United Kingdom,2020-02-09,4.0,0.0,11.11
30631,United Kingdom,2020-02-10,8.0,0.0,11.11
30632,United Kingdom,2020-02-11,9.0,0.0,11.11
30633,United Kingdom,2020-02-12,9.0,0.0,11.11
30634,United Kingdom,2020-02-13,10.0,0.0,11.11
30635,United Kingdom,2020-02-14,10.0,0.0,11.11
30636,United Kingdom,2020-02-15,10.0,0.0,11.11
30637,United Kingdom,2020-02-16,10.0,0.0,11.11
30638,United Kingdom,2020-02-17,10.0,0.0,11.11
30639,United Kingdom,2020-02-18,10.0,0.0,11.11
30640,United Kingdom,2020-02-19,10.0,0.0,11.11
30641,United Kingdom,2020-02-20,10.0,0.0,11.11
30642,United Kingdom,2020-02-21,10.0,0.0,11.11
30643,United Kingdom,2020-02-22,10.0,0.0,11.11
30644,United Kingdom,2020-02-23,11.0,0.0,11.11
30645,United Kingdom,2020-02-24,11.0,0.0,11.11
30646,United Kingdom,2020-02-25,11.0,0.0,11.11
30647,United Kingdom,2020-02-26,13.0,0.0,11.11
30648,United Kingdom,2020-02-27,18.0,0.0,11.11
30649,United Kingdom,2020-02-28,22.0,0.0,11.11
30650,United Kingdom,2020-02-29,30.0,0.0,11.11
30651,United Kingdom,2020-03-01,42.0,0.0,11.11
30652,United Kingdom,2020-03-02,47.0,0.0,11.11
30653,United Kingdom,2020-03-03,69.0,0.0,11.11
30654,United Kingdom,2020-03-04,109.0,0.0,11.11
30655,United Kingdom,2020-03-05,164.0,0.0,11.11
30656,United Kingdom,2020-03-06,220.0,0.0,11.11
30657,United Kingdom,2020-03-07,271.0,1.0,11.11
30658,United Kingdom,2020-03-08,352.0,2.0,11.11
30659,United Kingdom,2020-03-09,412.0,2.0,11.11
30660,United Kingdom,2020-03-10,469.0,3.0,11.11
30661,United Kingdom,2020-03-11,617.0,7.0,11.11
30662,United Kingdom,2020-03-12,876.0,7.0,11.11
30663,United Kingdom,2020-03-13,1282.0,9.0,12.96
30664,United Kingdom,2020-03-14,1766.0,10.0,12.96
30665,United Kingdom,2020-03-15,2244.0,29.0,12.96
30666,United Kingdom,2020-03-16,2605.0,43.0,16.67
30667,United Kingdom,2020-03-17,3047.0,65.0,22.22
30668,United Kingdom,2020-03-18,3658.0,82.0,31.48
30669,United Kingdom,2020-03-19,4427.0,116.0,31.48
30670,United Kingdom,2020-03-20,5426.0,162.0,37.04
30671,United Kingdom,2020-03-21,6481.0,194.0,47.22
30672,United Kingdom,2020-03-22,7736.0,252.0,62.04
30673,United Kingdom,2020-03-23,8934.0,288.0,78.24
30674,United Kingdom,2020-03-24,10312.0,364.0,79.63
30675,United Kingdom,2020-03-25,12650.0,512.0,79.63
30676,United Kingdom,2020-03-26,15025.0,703.0,79.63
30677,United Kingdom,2020-03-27,17717.0,884.0,79.63
30678,United Kingdom,2020-03-28,20804.0,1172.0,79.63
30679,United Kingdom,2020-03-29,24001.0,1464.0,79.63
30680,United Kingdom,2020-03-30,26823.0,1676.0,79.63
30681,United Kingdom,2020-03-31,29681.0,2050.0,79.63
30682,United Kingdom,2020-04-01,33954.0,2453.0,79.63
30683,United Kingdom,2020-04-02,38468.0,3125.0,79.63
30684,United Kingdom,2020-04-03,43381.0,3782.0,79.63
30685,United Kingdom,2020-04-04,48249.0,4518.0,79.63
30686,United Kingdom,2020-04-05,53160.0,5274.0,79.63
30687,United Kingdom,2020-04-06,57180.0,5873.0,79.63
30688,United Kingdom,2020-04-07,60772.0,6440.0,79.63
30689,United Kingdom,2020-04-08,66054.0,7545.0,79.63
30690,United Kingdom,2020-04-09,71504.0,8575.0,79.63
30691,United Kingdom,2020-04-10,76635.0,9691.0,79.63
30692,United Kingdom,2020-04-11,81493.0,10813.0,79.63
30693,United Kingdom,2020-04-12,85806.0,11656.0,79.63
30694,United Kingdom,2020-04-13,89385.0,12313.0,79.63
30695,United Kingdom,2020-04-14,92874.0,13037.0,79.63
30696,United Kingdom,2020-04-15,97052.0,14113.0,79.63
30697,United Kingdom,2020-04-16,101378.0,14993.0,79.63
30698,United Kingdom,2020-04-17,106443.0,16029.0,79.63
30699,United Kingdom,2020-04-18,111735.0,16942.0,79.63
30700,United Kingdom,2020-04-19,116691.0,18047.0,79.63
30701,United Kingdom,2020-04-20,121412.0,18479.0,79.63
30702,United Kingdom,2020-04-21,125265.0,19049.0,79.63
30703,United Kingdom,2020-04-22,130119.0,20273.0,79.63
30704,United Kingdom,2020-04-23,134879.0,21120.0,79.63
30705,United Kingdom,2020-04-24,140366.0,21802.0,79.63
30706,United Kingdom,2020-04-25,145524.0,22812.0,79.63
30707,United Kingdom,2020-04-26,150494.0,23627.0,79.63
30708,United Kingdom,2020-04-27,154242.0,23991.0,79.63
30709,United Kingdom,2020-04-28,157715.0,24311.0,79.63
30710,United Kingdom,2020-04-29,162421.0,25280.0,79.63
30711,United Kingdom,2020-04-30,167150.0,26049.0,79.63
30712,United Kingdom,2020-05-01,172592.0,26683.0,79.63
30713,United Kingdom,2020-05-02,177558.0,27381.0,79.63
30714,United Kingdom,2020-05-03,182295.0,27965.0,79.63
30715,United Kingdom,2020-05-04,185524.0,28218.0,79.63
30716,United Kingdom,2020-05-05,188506.0,28490.0,79.63
30717,United Kingdom,2020-05-06,191895.0,29216.0,79.63
30718,United Kingdom,2020-05-07,195577.0,29863.0,79.63
30719,United Kingdom,2020-05-08,199404.0,30321.0,79.63
30720,United Kingdom,2020-05-09,203171.0,30900.0,79.63
30721,United Kingdom,2020-05-10,206234.0,31175.0,79.63
30722,United Kingdom,2020-05-11,208391.0,31392.0,77.78
30723,United Kingdom,2020-05-12,210720.0,31579.0,77.78
30724,United Kingdom,2020-05-13,214306.0,32193.0,71.3
30725,United Kingdom,2020-05-14,217708.0,32640.0,71.3
30726,United Kingdom,2020-05-15,221015.0,32992.0,71.3
30727,United Kingdom,2020-05-16,223643.0,33342.0,71.3
30728,United Kingdom,2020-05-17,226169.0,33753.0,71.3
30729,United Kingdom,2020-05-18,228248.0,33820.0,71.3
30730,United Kingdom,2020-05-19,230086.0,33966.0,71.3
30731,United Kingdom,2020-05-20,232675.0,34466.0,71.3
30732,United Kingdom,2020-05-21,235727.0,34794.0,71.3
30733,United Kingdom,2020-05-22,238445.0,35067.0,71.3
30734,United Kingdom,2020-05-23,241019.0,35358.0,71.3
30735,United Kingdom,2020-05-24,243081.0,35578.0,71.3
30736,United Kingdom,2020-05-25,244608.0,35957.0,71.3
30737,United Kingdom,2020-05-26,245972.0,36061.0,71.3
30738,United Kingdom,2020-05-27,247596.0,36192.0,71.3
30739,United Kingdom,2020-05-28,249268.0,36614.0,71.3
30740,United Kingdom,2020-05-29,251103.0,36957.0,69.44
30741,United Kingdom,2020-05-30,252863.0,37231.0,69.44
30742,United Kingdom,2020-05-31,254390.0,37385.0,69.44
30743,United Kingdom,2020-06-01,255515.0,37445.0,67.59
30744,United Kingdom,2020-06-02,256594.0,37531.0,67.59
30745,United Kingdom,2020-06-03,258035.0,37780.0,67.59
30746,United Kingdom,2020-06-04,259519.0,38034.0,67.59
30747,United Kingdom,2020-06-05,260875.0,38164.0,67.59
30748,United Kingdom,2020-06-06,262118.0,38422.0,67.59
30749,United Kingdom,2020-06-07,263238.0,38565.0,67.59
30750,United Kingdom,2020-06-08,264039.0,38619.0,73.15
30751,United Kingdom,2020-06-09,264760.0,38666.0,73.15
30752,United Kingdom,2020-06-10,265859.0,38861.0,73.15
30753,United Kingdom,2020-06-11,267017.0,39025.0,73.15
30754,United Kingdom,2020-06-12,268216.0,39101.0,73.15
30755,United Kingdom,2020-06-13,269233.0,39232.0,73.15
30756,United Kingdom,2020-06-14,270285.0,39339.0,73.15
30757,United Kingdom,2020-06-15,271175.0,39366.0,71.3
30758,United Kingdom,2020-06-16,271997.0,39395.0,71.3
30759,United Kingdom,2020-06-17,273040.0,39515.0,71.3
30760,United Kingdom,2020-06-18,274142.0,39625.0,71.3
30761,United Kingdom,2020-06-19,275155.0,39692.0,71.3
30762,United Kingdom,2020-06-20,276182.0,39776.0,71.3
30763,United Kingdom,2020-06-21,277168.0,39847.0,71.3
30764,United Kingdom,2020-06-22,277855.0,39878.0,71.3
30765,United Kingdom,2020-06-23,278494.0,39892.0,71.3
30766,United Kingdom,2020-06-24,279390.0,39986.0,71.3
30767,United Kingdom,2020-06-25,280276.0,40073.0,71.3
30768,United Kingdom,2020-06-26,281054.0,40172.0,71.3
30769,United Kingdom,2020-06-27,281775.0,40249.0,71.3
30770,United Kingdom,2020-06-28,282446.0,40289.0,71.3
30771,United Kingdom,2020-06-29,283095.0,40320.0,71.3
30772,United Kingdom,2020-06-30,283541.0,40341.0,71.3
30773,United Kingdom,2020-07-01,284271.0,40394.0,71.3
30774,United Kingdom,2020-07-02,284888.0,40491.0,71.3
30775,United Kingdom,2020-07-03,285539.0,40532.0,71.3
30776,United Kingdom,2020-07-04,286141.0,40581.0,69.91
30777,United Kingdom,2020-07-05,286720.0,40613.0,69.91
30778,United Kingdom,2020-07-06,287121.0,40632.0,64.35
30779,United Kingdom,2020-07-07,287676.0,40643.0,64.35
30780,United Kingdom,2020-07-08,288380.0,40697.0,64.35
30781,United Kingdom,2020-07-09,288977.0,40754.0,64.35
30782,United Kingdom,2020-07-10,289670.0,40785.0,64.35
30783,United Kingdom,2020-07-11,290385.0,40819.0,64.35
30784,United Kingdom,2020-07-12,290950.0,40836.0,64.35
30785,United Kingdom,2020-07-13,291392.0,40845.0,64.35
30786,United Kingdom,2020-07-14,291753.0,40855.0,64.35
30787,United Kingdom,2020-07-15,292479.0,40899.0,64.35
30788,United Kingdom,2020-07-16,293164.0,40925.0,64.35
30789,United Kingdom,2020-07-17,293936.0,40949.0,64.35
30790,United Kingdom,2020-07-18,294640.0,40975.0,64.35
30791,United Kingdom,2020-07-19,295209.0,40984.0,64.35
30792,United Kingdom,2020-07-20,295702.0,40995.0,64.35
30793,United Kingdom,2020-07-21,296115.0,41005.0,64.35
30794,United Kingdom,2020-07-22,296908.0,41030.0,64.35
30795,United Kingdom,2020-07-23,297659.0,41047.0,64.35
30796,United Kingdom,2020-07-24,298432.0,41056.0,64.35
30797,United Kingdom,2020-07-25,299163.0,41088.0,64.35
30798,United Kingdom,2020-07-26,299830.0,41103.0,64.35
30799,United Kingdom,2020-07-27,300251.0,41111.0,64.35
30800,United Kingdom,2020-07-28,300622.0,41114.0,64.35
30801,United Kingdom,2020-07-29,300692.0,41135.0,64.35
30802,United Kingdom,2020-07-30,301455.0,41169.0,64.35
30803,United Kingdom,2020-07-31,302301.0,41169.0,64.35
30804,United Kingdom,2020-08-01,303181.0,41189.0,68.06
30805,United Kingdom,2020-08-02,303952.0,41202.0,68.06
30806,United Kingdom,2020-08-03,304695.0,41207.0,68.06
30807,United Kingdom,2020-08-04,305623.0,41208.0,68.06
30808,United Kingdom,2020-08-05,306293.0,41226.0,68.06
30809,United Kingdom,2020-08-06,307184.0,41240.0,68.06
30810,United Kingdom,2020-08-07,308134.0,41258.0,68.06
30811,United Kingdom,2020-08-08,309005.0,41270.0,68.06
30812,United Kingdom,2020-08-09,309763.0,41273.0,68.06
30813,United Kingdom,2020-08-10,310825.0,41278.0,68.06
30814,United Kingdom,2020-08-11,311641.0,41296.0,68.06
30815,United Kingdom,2020-08-12,312789.0,41309.0,68.06
30816,United Kingdom,2020-08-13,313798.0,41329.0,64.35
30817,United Kingdom,2020-08-14,314927.0,41347.0,64.35
30818,United Kingdom,2020-08-15,316367.0,41358.0,64.35
30819,United Kingdom,2020-08-16,317444.0,41361.0,64.35
30820,United Kingdom,2020-08-17,318484.0,41366.0,64.35
30821,United Kingdom,2020-08-18,319197.0,41369.0,64.35
30822,United Kingdom,2020-08-19,320286.0,41381.0,64.35
30823,United Kingdom,2020-08-20,321098.0,41397.0,64.35
30824,United Kingdom,2020-08-21,322280.0,41403.0,64.35
30825,United Kingdom,2020-08-22,323313.0,41405.0,64.35
30826,United Kingdom,2020-08-23,324601.0,41423.0,64.35
30827,United Kingdom,2020-08-24,325642.0,41429.0,64.35
30828,United Kingdom,2020-08-25,326614.0,41433.0,64.35
30829,United Kingdom,2020-08-26,327798.0,41449.0,64.35
30863,United Kingdom,2020-03-06,325.0,1.0,11.11
30864,United Kingdom,2020-03-07,372.0,2.0,11.11
30865,United Kingdom,2020-03-08,422.0,2.0,11.11
30866,United Kingdom,2020-03-09,546.0,3.0,11.11
30867,United Kingdom,2020-03-10,769.0,7.0,11.11
30868,United Kingdom,2020-03-11,1122.0,7.0,11.11
30869,United Kingdom,2020-03-12,1537.0,9.0,11.11
30870,United Kingdom,2020-03-13,1929.0,10.0,11.11
30871,United Kingdom,2020-03-14,2243.0,28.0,11.11
30872,United Kingdom,2020-03-15,2640.0,42.0,11.11
30873,United Kingdom,2020-03-16,3186.0,64.0,14.81
30874,United Kingdom,2020-03-17,3867.0,79.0,20.37
30875,United Kingdom,2020-03-18,4776.0,112.0,20.37
30876,United Kingdom,2020-03-19,5706.0,154.0,20.37
30877,United Kingdom,2020-03-20,6789.0,186.0,25.93
30878,United Kingdom,2020-03-21,7823.0,240.0,38.89
30879,United Kingdom,2020-03-22,9032.0,264.0,44.44
30880,United Kingdom,2020-03-23,11052.0,331.0,79.63
30881,United Kingdom,2020-03-24,13079.0,474.0,79.63
30882,United Kingdom,2020-03-25,15345.0,652.0,79.63
30883,United Kingdom,2020-03-26,17958.0,821.0,79.63
30884,United Kingdom,2020-03-27,20618.0,1092.0,79.63
30885,United Kingdom,2020-03-28,22993.0,1371.0,79.63
30886,United Kingdom,2020-03-29,25433.0,1566.0,79.63
30887,United Kingdom,2020-03-30,28957.0,1919.0,79.63
30888,United Kingdom,2020-03-31,32747.0,2287.0,79.63
30889,United Kingdom,2020-04-01,36846.0,2900.0,79.63
30890,United Kingdom,2020-04-02,40920.0,3503.0,79.63
30891,United Kingdom,2020-04-03,45024.0,4157.0,79.63
30892,United Kingdom,2020-04-04,48415.0,4846.0,79.63
30893,United Kingdom,2020-04-05,51499.0,5424.0,79.63
30894,United Kingdom,2020-04-06,55885.0,5955.0,79.63
30895,United Kingdom,2020-04-07,60463.0,6964.0,79.63
30896,United Kingdom,2020-04-08,64760.0,7886.0,79.63
30897,United Kingdom,2020-04-09,68829.0,8876.0,79.63
30898,United Kingdom,2020-04-10,72406.0,9911.0,79.63
30899,United Kingdom,2020-04-11,75487.0,10656.0,79.63
30900,United Kingdom,2020-04-12,78432.0,11260.0,79.63
30901,United Kingdom,2020-04-13,81870.0,11954.0,79.63
30902,United Kingdom,2020-04-14,85434.0,12961.0,79.63
30903,United Kingdom,2020-04-15,89672.0,13691.0,79.63
30904,United Kingdom,2020-04-16,94032.0,14597.0,79.63
30905,United Kingdom,2020-04-17,98110.0,15423.0,79.63
30906,United Kingdom,2020-04-18,102233.0,16427.0,79.63
30907,United Kingdom,2020-04-19,105707.0,16807.0,79.63
30908,United Kingdom,2020-04-20,109395.0,17343.0,79.63
30909,United Kingdom,2020-04-21,113371.0,18459.0,79.63
30910,United Kingdom,2020-04-22,118164.0,19184.0,79.63
30911,United Kingdom,2020-04-23,122727.0,19778.0,79.63
30912,United Kingdom,2020-04-24,127095.0,20599.0,79.63
30913,United Kingdom,2020-04-25,130470.0,21328.0,79.63
30914,United Kingdom,2020-04-26,133605.0,21655.0,79.63
30915,United Kingdom,2020-04-27,137636.0,21944.0,79.63
30916,United Kingdom,2020-04-28,141755.0,22806.0,79.63
30917,United Kingdom,2020-04-29,146496.0,23410.0,79.63
30918,United Kingdom,2020-04-30,150810.0,23953.0,79.63
30919,United Kingdom,2020-05-01,154905.0,24576.0,79.63
30920,United Kingdom,2020-05-02,157647.0,25061.0,79.63
30921,United Kingdom,2020-05-03,160279.0,25283.0,79.63
30922,United Kingdom,2020-05-04,163125.0,25530.0,79.63
30923,United Kingdom,2020-05-05,166271.0,26169.0,79.63
30924,United Kingdom,2020-05-06,169538.0,26698.0,79.63
30925,United Kingdom,2020-05-07,172738.0,27075.0,79.63
30926,United Kingdom,2020-05-08,175359.0,27573.0,79.63
30927,United Kingdom,2020-05-09,177151.0,27799.0,79.63
30928,United Kingdom,2020-05-10,179158.0,27989.0,79.63
30929,United Kingdom,2020-05-11,182227.0,28163.0,79.63
30930,United Kingdom,2020-05-12,185153.0,28702.0,79.63
30931,United Kingdom,2020-05-13,188035.0,29064.0,61.11
30932,United Kingdom,2020-05-14,190244.0,29367.0,61.11
30933,United Kingdom,2020-05-15,192373.0,29647.0,61.11
30934,United Kingdom,2020-05-16,194145.0,29995.0,61.11
30935,United Kingdom,2020-05-17,195735.0,30038.0,61.11
30936,United Kingdom,2020-05-18,197948.0,30172.0,61.11
30937,United Kingdom,2020-05-19,200531.0,30619.0,61.11
30938,United Kingdom,2020-05-20,202885.0,30878.0,61.11
30939,United Kingdom,2020-05-21,205161.0,31098.0,61.11
30940,United Kingdom,2020-05-22,206959.0,31355.0,61.11
30941,United Kingdom,2020-05-23,208257.0,31552.0,61.11
30942,United Kingdom,2020-05-24,209455.0,31914.0,61.11
30943,United Kingdom,2020-05-25,210836.0,32000.0,61.11
30944,United Kingdom,2020-05-26,212297.0,32105.0,61.11
30945,United Kingdom,2020-05-27,213910.0,32501.0,61.11
30946,United Kingdom,2020-05-28,215481.0,32816.0,61.11
30947,United Kingdom,2020-05-29,216852.0,33062.0,61.11
30948,United Kingdom,2020-05-30,217849.0,33179.0,61.11
30949,United Kingdom,2020-05-31,218835.0,33218.0,61.11
30950,United Kingdom,2020-06-01,220147.0,33297.0,57.41
30951,United Kingdom,2020-06-02,221503.0,33525.0,57.41
30952,United Kingdom,2020-06-03,222746.0,33743.0,57.41
30953,United Kingdom,2020-06-04,223890.0,33855.0,57.41
30954,United Kingdom,2020-06-05,224911.0,34094.0,57.41
30955,United Kingdom,2020-06-06,225632.0,34220.0,57.41
30956,United Kingdom,2020-06-07,226296.0,34269.0,57.41
30957,United Kingdom,2020-06-08,227286.0,34313.0,62.96
30958,United Kingdom,2020-06-09,228342.0,34492.0,62.96
30959,United Kingdom,2020-06-10,229426.0,34635.0,62.96
30960,United Kingdom,2020-06-11,230343.0,34699.0,62.96
30961,United Kingdom,2020-06-12,231280.0,34816.0,62.96
30962,United Kingdom,2020-06-13,232068.0,34910.0,62.96
30963,United Kingdom,2020-06-14,232814.0,34933.0,62.96
30964,United Kingdom,2020-06-15,233751.0,34958.0,59.26
30965,United Kingdom,2020-06-16,234745.0,35064.0,59.26
30966,United Kingdom,2020-06-17,235656.0,35154.0,59.26
30967,United Kingdom,2020-06-18,236599.0,35214.0,59.26
30968,United Kingdom,2020-06-19,237415.0,35287.0,59.26
30969,United Kingdom,2020-06-20,238044.0,35354.0,59.26
30970,United Kingdom,2020-06-21,238595.0,35384.0,59.26
30971,United Kingdom,2020-06-22,239411.0,35397.0,59.26
30972,United Kingdom,2020-06-23,240139.0,35481.0,59.26
30973,United Kingdom,2020-06-24,240866.0,35555.0,59.26
30974,United Kingdom,2020-06-25,241503.0,35646.0,59.26
30975,United Kingdom,2020-06-26,242146.0,35722.0,59.26
30976,United Kingdom,2020-06-27,242650.0,35756.0,59.26
30977,United Kingdom,2020-06-28,243061.0,35784.0,59.26
30978,United Kingdom,2020-06-29,243727.0,35801.0,59.26
30979,United Kingdom,2020-06-30,244298.0,35848.0,62.5
30980,United Kingdom,2020-07-01,244908.0,35938.0,62.5
30981,United Kingdom,2020-07-02,245467.0,35969.0,64.35
30982,United Kingdom,2020-07-03,246010.0,36014.0,64.35
30983,United Kingdom,2020-07-04,246398.0,36041.0,64.35
30984,United Kingdom,2020-07-05,246937.0,36059.0,64.35
30985,United Kingdom,2020-07-06,247592.0,36070.0,64.35
30986,United Kingdom,2020-07-07,248149.0,36120.0,64.35
30987,United Kingdom,2020-07-08,248822.0,36172.0,64.35
30988,United Kingdom,2020-07-09,249506.0,36201.0,64.35
30989,United Kingdom,2020-07-10,250027.0,36235.0,64.35
30990,United Kingdom,2020-07-11,250447.0,36251.0,64.35
30991,United Kingdom,2020-07-12,250799.0,36260.0,64.35
30992,United Kingdom,2020-07-13,251489.0,36268.0,64.35
30993,United Kingdom,2020-07-14,252140.0,36310.0,64.35
30994,United Kingdom,2020-07-15,252862.0,36334.0,62.5
30995,United Kingdom,2020-07-16,253502.0,36357.0,62.5
30996,United Kingdom,2020-07-17,254047.0,36382.0,62.5
30997,United Kingdom,2020-07-18,254514.0,36391.0,62.5
30998,United Kingdom,2020-07-19,254928.0,36401.0,62.5
30999,United Kingdom,2020-07-20,255682.0,36411.0,62.5
31000,United Kingdom,2020-07-21,256372.0,36436.0,62.5
31001,United Kingdom,2020-07-22,257120.0,36452.0,62.5
31002,United Kingdom,2020-07-23,257853.0,36461.0,62.5
31003,United Kingdom,2020-07-24,258568.0,36493.0,62.5
31004,United Kingdom,2020-07-25,259058.0,36508.0,62.5
31005,United Kingdom,2020-07-26,259574.0,36515.0,62.5
31006,United Kingdom,2020-07-27,260383.0,36518.0,62.5
31007,United Kingdom,2020-07-28,261163.0,36539.0,62.5
31008,United Kingdom,2020-07-29,262133.0,36568.0,62.5
31009,United Kingdom,2020-07-30,262989.0,36568.0,62.5
31010,United Kingdom,2020-07-31,263611.0,36582.0,62.5
31011,United Kingdom,2020-08-01,264105.0,36593.0,66.2
31012,United Kingdom,2020-08-02,264619.0,36595.0,66.2
31013,United Kingdom,2020-08-03,265559.0,36596.0,66.2
31014,United Kingdom,2020-08-04,266480.0,36613.0,66.2
31015,United Kingdom,2020-08-05,267426.0,36625.0,66.2
31016,United Kingdom,2020-08-06,268407.0,36640.0,66.2
31017,United Kingdom,2020-08-07,269265.0,36645.0,66.2
31018,United Kingdom,2020-08-08,269904.0,36647.0,66.2
31019,United Kingdom,2020-08-09,270461.0,36652.0,66.2
31020,United Kingdom,2020-08-10,271813.0,36669.0,66.2
31021,United Kingdom,2020-08-11,273026.0,36680.0,66.2
31022,United Kingdom,2020-08-12,274119.0,36695.0,66.2
31023,United Kingdom,2020-08-13,275137.0,36713.0,66.2
31024,United Kingdom,2020-08-14,276180.0,36723.0,66.2
31025,United Kingdom,2020-08-15,276827.0,36725.0,66.2
31026,United Kingdom,2020-08-16,277353.0,36728.0,66.2
31027,United Kingdom,2020-08-17,278490.0,36731.0,66.2
31028,United Kingdom,2020-08-18,279414.0,36742.0,66.2
31029,United Kingdom,2020-08-19,280488.0,36757.0,66.2
31030,United Kingdom,2020-08-20,281706.0,36763.0,66.2
31031,United Kingdom,2020-08-21,282705.0,36765.0,66.2
31032,United Kingdom,2020-08-22,283417.0,36782.0,66.2
31033,United Kingdom,2020-08-23,284109.0,36786.0,66.2
31034,United Kingdom,2020-08-24,285189.0,36789.0,66.2
31035,United Kingdom,2020-08-25,286243.0,36805.0,66.2
31036,United Kingdom,2020-08-26,287375.0,36818.0,66.2
31083,United Kingdom,2020-03-19,102.0,1.0,31.48
31084,United Kingdom,2020-03-20,119.0,1.0,37.04
31085,United Kingdom,2020-03-21,140.0,2.0,50.0
31086,United Kingdom,2020-03-22,158.0,2.0,55.56
31087,United Kingdom,2020-03-23,199.0,3.0,79.63
31088,United Kingdom,2020-03-24,240.0,5.0,79.63
31089,United Kingdom,2020-03-25,297.0,7.0,79.63
31090,United Kingdom,2020-03-26,373.0,10.0,79.63
31091,United Kingdom,2020-03-27,441.0,13.0,79.63
31092,United Kingdom,2020-03-28,517.0,15.0,79.63
31093,United Kingdom,2020-03-29,579.0,21.0,79.63
31094,United Kingdom,2020-03-30,663.0,22.0,79.63
31095,United Kingdom,2020-03-31,775.0,28.0,79.63
31096,United Kingdom,2020-04-01,878.0,30.0,79.63
31097,United Kingdom,2020-04-02,983.0,36.0,79.63
31098,United Kingdom,2020-04-03,1086.0,48.0,79.63
31099,United Kingdom,2020-04-04,1173.0,56.0,79.63
31100,United Kingdom,2020-04-05,1233.0,63.0,79.63
31101,United Kingdom,2020-04-06,1339.0,70.0,79.63
31102,United Kingdom,2020-04-07,1469.0,73.0,79.63
31103,United Kingdom,2020-04-08,1572.0,78.0,79.63
31104,United Kingdom,2020-04-09,1673.0,82.0,79.63
31105,United Kingdom,2020-04-10,1769.0,92.0,79.63
31106,United Kingdom,2020-04-11,1836.0,107.0,79.63
31107,United Kingdom,2020-04-12,1909.0,118.0,79.63
31108,United Kingdom,2020-04-13,2016.0,124.0,79.63
31109,United Kingdom,2020-04-14,2112.0,134.0,79.63
31110,United Kingdom,2020-04-15,2246.0,140.0,79.63
31111,United Kingdom,2020-04-16,2384.0,158.0,79.63
31112,United Kingdom,2020-04-17,2540.0,176.0,79.63
31113,United Kingdom,2020-04-18,2626.0,193.0,79.63
31114,United Kingdom,2020-04-19,2667.0,194.0,79.63
31115,United Kingdom,2020-04-20,2779.0,207.0,79.63
31116,United Kingdom,2020-04-21,2910.0,220.0,79.63
31117,United Kingdom,2020-04-22,3009.0,250.0,79.63
31118,United Kingdom,2020-04-23,3082.0,263.0,79.63
31119,United Kingdom,2020-04-24,3165.0,278.0,79.63
31120,United Kingdom,2020-04-25,3219.0,294.0,79.63
31121,United Kingdom,2020-04-26,3264.0,299.0,79.63
31122,United Kingdom,2020-04-27,3335.0,309.0,79.63
31123,United Kingdom,2020-04-28,3410.0,329.0,79.63
31124,United Kingdom,2020-04-29,3503.0,338.0,79.63
31125,United Kingdom,2020-04-30,3619.0,347.0,79.63
31126,United Kingdom,2020-05-01,3719.0,365.0,79.63
31127,United Kingdom,2020-05-02,3810.0,376.0,79.63
31128,United Kingdom,2020-05-03,3865.0,381.0,79.63
31129,United Kingdom,2020-05-04,3940.0,387.0,79.63
31130,United Kingdom,2020-05-05,4015.0,404.0,79.63
31131,United Kingdom,2020-05-06,4095.0,418.0,79.63
31132,United Kingdom,2020-05-07,4192.0,422.0,79.63
31133,United Kingdom,2020-05-08,4264.0,426.0,79.63
31134,United Kingdom,2020-05-09,4318.0,430.0,79.63
31135,United Kingdom,2020-05-10,4381.0,435.0,79.63
31136,United Kingdom,2020-05-11,4458.0,438.0,79.63
31137,United Kingdom,2020-05-12,4551.0,447.0,70.37
31138,United Kingdom,2020-05-13,4626.0,449.0,70.37
31139,United Kingdom,2020-05-14,4700.0,454.0,70.37
31140,United Kingdom,2020-05-15,4766.0,469.0,70.37
31141,United Kingdom,2020-05-16,4806.0,473.0,70.37
31142,United Kingdom,2020-05-17,4844.0,476.0,70.37
31143,United Kingdom,2020-05-18,4907.0,482.0,66.67
31144,United Kingdom,2020-05-19,4980.0,489.0,66.67
31145,United Kingdom,2020-05-20,5056.0,494.0,66.67
31146,United Kingdom,2020-05-21,5112.0,501.0,66.67
31147,United Kingdom,2020-05-22,5145.0,504.0,66.67
31148,United Kingdom,2020-05-23,5199.0,505.0,66.67
31149,United Kingdom,2020-05-24,5230.0,506.0,66.67
31150,United Kingdom,2020-05-25,5271.0,514.0,66.67
31151,United Kingdom,2020-05-26,5299.0,514.0,66.67
31152,United Kingdom,2020-05-27,5332.0,516.0,66.67
31153,United Kingdom,2020-05-28,5360.0,518.0,66.67
31154,United Kingdom,2020-05-29,5380.0,521.0,66.67
31155,United Kingdom,2020-05-30,5393.0,522.0,66.67
31156,United Kingdom,2020-05-31,5419.0,523.0,66.67
31157,United Kingdom,2020-06-01,5443.0,524.0,66.67
31158,United Kingdom,2020-06-02,5464.0,526.0,66.67
31159,United Kingdom,2020-06-03,5475.0,534.0,66.67
31160,United Kingdom,2020-06-04,5486.0,535.0,66.67
31161,United Kingdom,2020-06-05,5510.0,536.0,66.67
31162,United Kingdom,2020-06-06,5518.0,537.0,66.67
31163,United Kingdom,2020-06-07,5523.0,537.0,66.67
31164,United Kingdom,2020-06-08,5537.0,537.0,72.22
31165,United Kingdom,2020-06-09,5548.0,537.0,72.22
31166,United Kingdom,2020-06-10,5564.0,537.0,72.22
31167,United Kingdom,2020-06-11,5574.0,538.0,72.22
31168,United Kingdom,2020-06-12,5584.0,539.0,72.22
31169,United Kingdom,2020-06-13,5594.0,541.0,72.22
31170,United Kingdom,2020-06-14,5602.0,541.0,72.22
31171,United Kingdom,2020-06-15,5621.0,541.0,72.22
31172,United Kingdom,2020-06-16,5632.0,542.0,72.22
31173,United Kingdom,2020-06-17,5637.0,543.0,72.22
31174,United Kingdom,2020-06-18,5644.0,543.0,72.22
31175,United Kingdom,2020-06-19,5658.0,544.0,72.22
31176,United Kingdom,2020-06-20,5663.0,545.0,72.22
31177,United Kingdom,2020-06-21,5666.0,545.0,72.22
31178,United Kingdom,2020-06-22,5670.0,545.0,72.22
31179,United Kingdom,2020-06-23,5678.0,546.0,72.22
31180,United Kingdom,2020-06-24,5682.0,547.0,72.22
31181,United Kingdom,2020-06-25,5687.0,547.0,72.22
31182,United Kingdom,2020-06-26,5690.0,548.0,66.67
31183,United Kingdom,2020-06-27,5694.0,549.0,66.67
31184,United Kingdom,2020-06-28,5699.0,550.0,66.67
31185,United Kingdom,2020-06-29,5703.0,551.0,66.67
31186,United Kingdom,2020-06-30,5705.0,551.0,66.67
31187,United Kingdom,2020-07-01,5709.0,551.0,66.67
31188,United Kingdom,2020-07-02,5712.0,552.0,66.67
31189,United Kingdom,2020-07-03,5720.0,554.0,66.67
31190,United Kingdom,2020-07-04,5721.0,554.0,66.67
31191,United Kingdom,2020-07-05,5723.0,554.0,66.67
31192,United Kingdom,2020-07-06,5731.0,554.0,66.67
31193,United Kingdom,2020-07-07,5736.0,554.0,66.67
31194,United Kingdom,2020-07-08,5742.0,554.0,66.67
31195,United Kingdom,2020-07-09,5747.0,554.0,66.67
31196,United Kingdom,2020-07-10,5751.0,554.0,66.67
31197,United Kingdom,2020-07-11,5757.0,554.0,66.67
31198,United Kingdom,2020-07-12,5761.0,554.0,66.67
31199,United Kingdom,2020-07-13,5764.0,556.0,66.67
31200,United Kingdom,2020-07-14,5771.0,556.0,66.67
31201,United Kingdom,2020-07-15,5786.0,556.0,66.67
31202,United Kingdom,2020-07-16,5805.0,556.0,66.67
31203,United Kingdom,2020-07-17,5814.0,556.0,66.67
31204,United Kingdom,2020-07-18,5821.0,556.0,66.67
31205,United Kingdom,2020-07-19,5824.0,556.0,66.67
31206,United Kingdom,2020-07-20,5827.0,556.0,66.67
31207,United Kingdom,2020-07-21,5839.0,556.0,66.67
31208,United Kingdom,2020-07-22,5847.0,556.0,66.67
31209,United Kingdom,2020-07-23,5859.0,556.0,66.67
31210,United Kingdom,2020-07-24,5873.0,556.0,66.67
31211,United Kingdom,2020-07-25,5877.0,556.0,66.67
31212,United Kingdom,2020-07-26,5878.0,556.0,66.67
31213,United Kingdom,2020-07-27,5890.0,556.0,66.67
31214,United Kingdom,2020-07-28,5903.0,556.0,66.67
31215,United Kingdom,2020-07-29,5914.0,556.0,66.67
31216,United Kingdom,2020-07-30,5925.0,556.0,66.67
31217,United Kingdom,2020-07-31,5939.0,556.0,62.96
31218,United Kingdom,2020-08-01,5949.0,556.0,62.96
31219,United Kingdom,2020-08-02,5958.0,556.0,62.96
31220,United Kingdom,2020-08-03,5976.0,556.0,62.96
31221,United Kingdom,2020-08-04,5995.0,556.0,62.96
31222,United Kingdom,2020-08-05,6024.0,556.0,62.96
31223,United Kingdom,2020-08-06,6042.0,556.0,62.96
31224,United Kingdom,2020-08-07,6059.0,556.0,62.96
31225,United Kingdom,2020-08-08,6087.0,556.0,62.96
31226,United Kingdom,2020-08-09,6112.0,556.0,62.96
31227,United Kingdom,2020-08-10,6156.0,557.0,62.96
31228,United Kingdom,2020-08-11,6194.0,557.0,62.96
31229,United Kingdom,2020-08-12,6234.0,557.0,62.96
31230,United Kingdom,2020-08-13,6285.0,557.0,62.96
31231,United Kingdom,2020-08-14,6342.0,558.0,62.96
31232,United Kingdom,2020-08-15,6364.0,558.0,62.96
31233,United Kingdom,2020-08-16,6385.0,558.0,62.96
31234,United Kingdom,2020-08-17,6438.0,558.0,62.96
31235,United Kingdom,2020-08-18,6481.0,559.0,62.96
31236,United Kingdom,2020-08-19,6522.0,559.0,62.96
31237,United Kingdom,2020-08-20,6594.0,559.0,62.96
31238,United Kingdom,2020-08-21,6675.0,559.0,62.96
31239,United Kingdom,2020-08-22,6718.0,559.0,62.96
31240,United Kingdom,2020-08-23,6770.0,559.0,62.96
31241,United Kingdom,2020-08-24,6817.0,559.0,59.26
31283,United Kingdom,2020-03-14,199.0,1.0,14.81
31284,United Kingdom,2020-03-15,210.0,1.0,14.81
31285,United Kingdom,2020-03-16,231.0,1.0,29.63
31286,United Kingdom,2020-03-17,274.0,2.0,29.63
31287,United Kingdom,2020-03-18,315.0,3.0,29.63
31288,United Kingdom,2020-03-19,365.0,6.0,29.63
31289,United Kingdom,2020-03-20,447.0,6.0,46.3
31290,United Kingdom,2020-03-21,513.0,7.0,59.26
31291,United Kingdom,2020-03-22,588.0,10.0,74.07
31292,United Kingdom,2020-03-23,733.0,14.0,74.07
31293,United Kingdom,2020-03-24,902.0,16.0,79.63
31294,United Kingdom,2020-03-25,1083.0,22.0,79.63
31295,United Kingdom,2020-03-26,1304.0,25.0,79.63
31296,United Kingdom,2020-03-27,1578.0,33.0,79.63
31297,United Kingdom,2020-03-28,1783.0,40.0,79.63
31298,United Kingdom,2020-03-29,1980.0,41.0,79.63
31299,United Kingdom,2020-03-30,2301.0,47.0,79.63
31300,United Kingdom,2020-03-31,2641.0,69.0,79.63
31301,United Kingdom,2020-04-01,3025.0,97.0,79.63
31302,United Kingdom,2020-04-02,3380.0,126.0,79.63
31303,United Kingdom,2020-04-03,3759.0,172.0,79.63
31304,United Kingdom,2020-04-04,4019.0,218.0,79.63
31305,United Kingdom,2020-04-05,4244.0,220.0,79.63
31306,United Kingdom,2020-04-06,4648.0,222.0,79.63
31307,United Kingdom,2020-04-07,4999.0,296.0,79.63
31308,United Kingdom,2020-04-08,5342.0,366.0,79.63
31309,United Kingdom,2020-04-09,5646.0,447.0,79.63
31310,United Kingdom,2020-04-10,5975.0,495.0,79.63
31311,United Kingdom,2020-04-11,6160.0,542.0,79.63
31312,United Kingdom,2020-04-12,6380.0,566.0,79.63
31313,United Kingdom,2020-04-13,6739.0,575.0,79.63
31314,United Kingdom,2020-04-14,7085.0,615.0,79.63
31315,United Kingdom,2020-04-15,7419.0,699.0,79.63
31316,United Kingdom,2020-04-16,7844.0,779.0,79.63
31317,United Kingdom,2020-04-17,8238.0,837.0,79.63
31318,United Kingdom,2020-04-18,8502.0,893.0,79.63
31319,United Kingdom,2020-04-19,8661.0,903.0,79.63
31320,United Kingdom,2020-04-20,9437.0,915.0,79.63
31321,United Kingdom,2020-04-21,9836.0,985.0,79.63
31322,United Kingdom,2020-04-22,10176.0,1062.0,79.63
31323,United Kingdom,2020-04-23,10490.0,1120.0,79.63
31324,United Kingdom,2020-04-24,10795.0,1184.0,79.63
31325,United Kingdom,2020-04-25,10980.0,1231.0,79.63
31326,United Kingdom,2020-04-26,11151.0,1249.0,79.63
31327,United Kingdom,2020-04-27,11581.0,1262.0,79.63
31328,United Kingdom,2020-04-28,11961.0,1332.0,79.63
31329,United Kingdom,2020-04-29,12391.0,1415.0,79.63
31330,United Kingdom,2020-04-30,12726.0,1475.0,79.63
31331,United Kingdom,2020-05-01,13094.0,1515.0,79.63
31332,United Kingdom,2020-05-02,13311.0,1559.0,79.63
31333,United Kingdom,2020-05-03,13500.0,1571.0,79.63
31334,United Kingdom,2020-05-04,13829.0,1576.0,79.63
31335,United Kingdom,2020-05-05,14117.0,1620.0,79.63
31336,United Kingdom,2020-05-06,14423.0,1703.0,79.63
31337,United Kingdom,2020-05-07,14713.0,1762.0,79.63
31338,United Kingdom,2020-05-08,14967.0,1811.0,79.63
31339,United Kingdom,2020-05-09,15144.0,1847.0,79.63
31340,United Kingdom,2020-05-10,15294.0,1857.0,79.63
31341,United Kingdom,2020-05-11,15555.0,1862.0,79.63
31342,United Kingdom,2020-05-12,15786.0,1912.0,79.63
31343,United Kingdom,2020-05-13,15984.0,1973.0,79.63
31344,United Kingdom,2020-05-14,16196.0,2007.0,79.63
31345,United Kingdom,2020-05-15,16348.0,2053.0,79.63
31346,United Kingdom,2020-05-16,16451.0,2094.0,79.63
31347,United Kingdom,2020-05-17,16543.0,2103.0,79.63
31348,United Kingdom,2020-05-18,16683.0,2105.0,79.63
31349,United Kingdom,2020-05-19,16865.0,2134.0,79.63
31350,United Kingdom,2020-05-20,16986.0,2184.0,79.63
31351,United Kingdom,2020-05-21,17097.0,2221.0,79.63
31352,United Kingdom,2020-05-22,17189.0,2245.0,79.63
31353,United Kingdom,2020-05-23,17239.0,2261.0,79.63
31354,United Kingdom,2020-05-24,17293.0,2270.0,79.63
31355,United Kingdom,2020-05-25,17390.0,2273.0,79.63
31356,United Kingdom,2020-05-26,17467.0,2291.0,79.63
31357,United Kingdom,2020-05-27,17533.0,2304.0,79.63
31358,United Kingdom,2020-05-28,17588.0,2316.0,79.63
31359,United Kingdom,2020-05-29,17617.0,2331.0,72.22
31360,United Kingdom,2020-05-30,17658.0,2353.0,72.22
31361,United Kingdom,2020-05-31,17680.0,2362.0,72.22
31362,United Kingdom,2020-06-01,17718.0,2363.0,72.22
31363,United Kingdom,2020-06-02,17763.0,2375.0,72.22
31364,United Kingdom,2020-06-03,17798.0,2386.0,72.22
31365,United Kingdom,2020-06-04,17833.0,2395.0,72.22
31366,United Kingdom,2020-06-05,17857.0,2409.0,72.22
31367,United Kingdom,2020-06-06,17879.0,2415.0,72.22
31368,United Kingdom,2020-06-07,17896.0,2415.0,72.22
31369,United Kingdom,2020-06-08,17914.0,2415.0,77.78
31370,United Kingdom,2020-06-09,17941.0,2422.0,77.78
31371,United Kingdom,2020-06-10,17970.0,2434.0,77.78
31372,United Kingdom,2020-06-11,17991.0,2439.0,77.78
31373,United Kingdom,2020-06-12,18021.0,2442.0,77.78
31374,United Kingdom,2020-06-13,18044.0,2447.0,77.78
31375,United Kingdom,2020-06-14,18057.0,2448.0,77.78
31376,United Kingdom,2020-06-15,18078.0,2448.0,77.78
31377,United Kingdom,2020-06-16,18095.0,2453.0,77.78
31378,United Kingdom,2020-06-17,18128.0,2462.0,77.78
31379,United Kingdom,2020-06-18,18142.0,2464.0,77.78
31380,United Kingdom,2020-06-19,18165.0,2470.0,77.78
31381,United Kingdom,2020-06-20,18171.0,2472.0,77.78
31382,United Kingdom,2020-06-21,18180.0,2472.0,77.78
31383,United Kingdom,2020-06-22,18192.0,2472.0,77.78
31384,United Kingdom,2020-06-23,18211.0,2476.0,77.78
31385,United Kingdom,2020-06-24,18219.0,2480.0,77.78
31386,United Kingdom,2020-06-25,18238.0,2482.0,77.78
31387,United Kingdom,2020-06-26,18244.0,2482.0,77.78
31388,United Kingdom,2020-06-27,18248.0,2482.0,77.78
31389,United Kingdom,2020-06-28,18251.0,2482.0,77.78
31390,United Kingdom,2020-06-29,18265.0,2482.0,77.78
31391,United Kingdom,2020-06-30,18273.0,2485.0,77.78
31392,United Kingdom,2020-07-01,18284.0,2486.0,77.78
31393,United Kingdom,2020-07-02,18297.0,2487.0,77.78
31394,United Kingdom,2020-07-03,18303.0,2488.0,75.0
31395,United Kingdom,2020-07-04,18308.0,2488.0,75.0
31396,United Kingdom,2020-07-05,18310.0,2488.0,75.0
31397,United Kingdom,2020-07-06,18318.0,2488.0,75.0
31398,United Kingdom,2020-07-07,18329.0,2489.0,72.22
31399,United Kingdom,2020-07-08,18340.0,2490.0,72.22
31400,United Kingdom,2020-07-09,18347.0,2490.0,72.22
31401,United Kingdom,2020-07-10,18359.0,2490.0,72.22
31402,United Kingdom,2020-07-11,18368.0,2490.0,72.22
31403,United Kingdom,2020-07-12,18370.0,2490.0,72.22
31404,United Kingdom,2020-07-13,18387.0,2490.0,72.22
31405,United Kingdom,2020-07-14,18397.0,2490.0,72.22
31406,United Kingdom,2020-07-15,18413.0,2490.0,72.22
31407,United Kingdom,2020-07-16,18434.0,2491.0,72.22
31408,United Kingdom,2020-07-17,18442.0,2491.0,72.22
31409,United Kingdom,2020-07-18,18455.0,2491.0,72.22
31410,United Kingdom,2020-07-19,18472.0,2491.0,72.22
31411,United Kingdom,2020-07-20,18485.0,2491.0,72.22
31412,United Kingdom,2020-07-21,18504.0,2491.0,72.22
31413,United Kingdom,2020-07-22,18520.0,2491.0,68.52
31414,United Kingdom,2020-07-23,18543.0,2491.0,68.52
31415,United Kingdom,2020-07-24,18554.0,2491.0,68.52
31416,United Kingdom,2020-07-25,18557.0,2491.0,68.52
31417,United Kingdom,2020-07-26,18565.0,2491.0,68.52
31418,United Kingdom,2020-07-27,18579.0,2491.0,68.52
31419,United Kingdom,2020-07-28,18601.0,2491.0,68.52
31420,United Kingdom,2020-07-29,18629.0,2491.0,68.52
31421,United Kingdom,2020-07-30,18654.0,2491.0,68.52
31422,United Kingdom,2020-07-31,18675.0,2491.0,68.52
31423,United Kingdom,2020-08-01,18698.0,2491.0,68.52
31424,United Kingdom,2020-08-02,18717.0,2491.0,68.52
31425,United Kingdom,2020-08-03,18779.0,2491.0,68.52
31426,United Kingdom,2020-08-04,18838.0,2491.0,68.52
31427,United Kingdom,2020-08-05,18905.0,2491.0,71.3
31428,United Kingdom,2020-08-06,18970.0,2491.0,71.3
31429,United Kingdom,2020-08-07,19016.0,2491.0,71.3
31430,United Kingdom,2020-08-08,19043.0,2491.0,71.3
31431,United Kingdom,2020-08-09,19069.0,2491.0,71.3
31432,United Kingdom,2020-08-10,19128.0,2491.0,71.3
31433,United Kingdom,2020-08-11,19191.0,2491.0,71.3
31434,United Kingdom,2020-08-12,19240.0,2491.0,71.3
31435,United Kingdom,2020-08-13,19299.0,2491.0,71.3
31436,United Kingdom,2020-08-14,19349.0,2491.0,71.3
31437,United Kingdom,2020-08-15,19369.0,2491.0,71.3
31438,United Kingdom,2020-08-16,19402.0,2491.0,71.3
31439,United Kingdom,2020-08-17,19477.0,2491.0,67.59
31440,United Kingdom,2020-08-18,19555.0,2491.0,67.59
31441,United Kingdom,2020-08-19,19648.0,2492.0,67.59
31442,United Kingdom,2020-08-20,19789.0,2492.0,67.59
31443,United Kingdom,2020-08-21,19880.0,2492.0,73.15
31444,United Kingdom,2020-08-22,19931.0,2492.0,73.15
31445,United Kingdom,2020-08-23,19998.0,2492.0,73.15
31446,United Kingdom,2020-08-24,20057.0,2492.0,70.37
31447,United Kingdom,2020-08-25,20129.0,2492.0,70.37
31448,United Kingdom,2020-08-26,20227.0,2494.0,70.37
31495,United Kingdom,2020-03-17,213.0,1.0,20.37
31496,United Kingdom,2020-03-18,249.0,1.0,24.07
31497,United Kingdom,2020-03-19,309.0,1.0,24.07
31498,United Kingdom,2020-03-20,382.0,1.0,37.04
31499,United Kingdom,2020-03-21,457.0,3.0,50.0
31500,United Kingdom,2020-03-22,533.0,12.0,55.56
31501,United Kingdom,2020-03-23,666.0,16.0,79.63
31502,United Kingdom,2020-03-24,807.0,17.0,79.63
31503,United Kingdom,2020-03-25,997.0,22.0,79.63
31504,United Kingdom,2020-03-26,1174.0,28.0,79.63
31505,United Kingdom,2020-03-27,1367.0,34.0,79.63
31506,United Kingdom,2020-03-28,1534.0,38.0,79.63
31507,United Kingdom,2020-03-29,1693.0,48.0,79.63
31508,United Kingdom,2020-03-30,2036.0,62.0,79.63
31509,United Kingdom,2020-03-31,2313.0,69.0,79.63
31510,United Kingdom,2020-04-01,2640.0,98.0,79.63
31511,United Kingdom,2020-04-02,2976.0,117.0,79.63
31512,United Kingdom,2020-04-03,3306.0,141.0,79.63
31513,United Kingdom,2020-04-04,3588.0,154.0,79.63
31514,United Kingdom,2020-04-05,3811.0,166.0,79.63
31515,United Kingdom,2020-04-06,4194.0,193.0,79.63
31516,United Kingdom,2020-04-07,4580.0,212.0,79.63
31517,United Kingdom,2020-04-08,4966.0,245.0,79.63
31518,United Kingdom,2020-04-09,5357.0,286.0,79.63
31519,United Kingdom,2020-04-10,5665.0,315.0,79.63
31520,United Kingdom,2020-04-11,5912.0,351.0,79.63
31521,United Kingdom,2020-04-12,6159.0,369.0,79.63
31522,United Kingdom,2020-04-13,6432.0,384.0,79.63
31523,United Kingdom,2020-04-14,6749.0,403.0,79.63
31524,United Kingdom,2020-04-15,7110.0,463.0,79.63
31525,United Kingdom,2020-04-16,7473.0,495.0,79.63
31526,United Kingdom,2020-04-17,7797.0,506.0,79.63
31527,United Kingdom,2020-04-18,8044.0,534.0,79.63
31528,United Kingdom,2020-04-19,8225.0,575.0,79.63
31529,United Kingdom,2020-04-20,8506.0,584.0,79.63
31530,United Kingdom,2020-04-21,8765.0,609.0,79.63
31531,United Kingdom,2020-04-22,9018.0,624.0,79.63
31532,United Kingdom,2020-04-23,9219.0,641.0,79.63
31533,United Kingdom,2020-04-24,9432.0,751.0,79.63
31534,United Kingdom,2020-04-25,9568.0,774.0,79.63
31535,United Kingdom,2020-04-26,9689.0,788.0,79.63
31536,United Kingdom,2020-04-27,9861.0,796.0,79.63
31537,United Kingdom,2020-04-28,10014.0,813.0,79.63
31538,United Kingdom,2020-04-29,10190.0,886.0,79.63
31539,United Kingdom,2020-04-30,10390.0,908.0,79.63
31540,United Kingdom,2020-05-01,10566.0,925.0,79.63
31541,United Kingdom,2020-05-02,10745.0,969.0,79.63
31542,United Kingdom,2020-05-03,10850.0,983.0,79.63
31543,United Kingdom,2020-05-04,10989.0,997.0,79.63
31544,United Kingdom,2020-05-05,11164.0,1023.0,79.63
31545,United Kingdom,2020-05-06,11335.0,1044.0,79.63
31546,United Kingdom,2020-05-07,11511.0,1062.0,79.63
31547,United Kingdom,2020-05-08,11626.0,1090.0,79.63
31548,United Kingdom,2020-05-09,11762.0,1099.0,79.63
31549,United Kingdom,2020-05-10,11869.0,1111.0,79.63
31550,United Kingdom,2020-05-11,12047.0,1116.0,75.93
31551,United Kingdom,2020-05-12,12197.0,1132.0,75.93
31552,United Kingdom,2020-05-13,12350.0,1154.0,75.93
31553,United Kingdom,2020-05-14,12482.0,1164.0,75.93
31554,United Kingdom,2020-05-15,12661.0,1173.0,75.93
31555,United Kingdom,2020-05-16,12827.0,1191.0,75.93
31556,United Kingdom,2020-05-17,12945.0,1203.0,75.93
31557,United Kingdom,2020-05-18,13113.0,1207.0,75.93
31558,United Kingdom,2020-05-19,13326.0,1224.0,75.93
31559,United Kingdom,2020-05-20,13492.0,1238.0,75.93
31560,United Kingdom,2020-05-21,13624.0,1247.0,75.93
31561,United Kingdom,2020-05-22,13761.0,1254.0,75.93
31562,United Kingdom,2020-05-23,13884.0,1260.0,75.93
31563,United Kingdom,2020-05-24,13966.0,1267.0,75.93
31564,United Kingdom,2020-05-25,14071.0,1274.0,75.93
31565,United Kingdom,2020-05-26,14173.0,1282.0,75.93
31566,United Kingdom,2020-05-27,14291.0,1293.0,75.93
31567,United Kingdom,2020-05-28,14393.0,1307.0,75.93
31568,United Kingdom,2020-05-29,14500.0,1317.0,75.93
31569,United Kingdom,2020-05-30,14570.0,1331.0,75.93
31570,United Kingdom,2020-05-31,14616.0,1342.0,75.93
31571,United Kingdom,2020-06-01,14680.0,1347.0,75.93
31572,United Kingdom,2020-06-02,14753.0,1354.0,72.22
31573,United Kingdom,2020-06-03,14828.0,1371.0,72.22
31574,United Kingdom,2020-06-04,14888.0,1379.0,72.22
31575,United Kingdom,2020-06-05,14943.0,1383.0,72.22
31576,United Kingdom,2020-06-06,14996.0,1393.0,72.22
31577,United Kingdom,2020-06-07,15030.0,1398.0,72.22
31578,United Kingdom,2020-06-08,15104.0,1401.0,77.78
31579,United Kingdom,2020-06-09,15166.0,1410.0,77.78
31580,United Kingdom,2020-06-10,15233.0,1419.0,77.78
31581,United Kingdom,2020-06-11,15299.0,1425.0,77.78
31582,United Kingdom,2020-06-12,15374.0,1435.0,77.78
31583,United Kingdom,2020-06-13,15444.0,1441.0,77.78
31584,United Kingdom,2020-06-14,15498.0,1444.0,77.78
31585,United Kingdom,2020-06-15,15564.0,1448.0,77.78
31586,United Kingdom,2020-06-16,15646.0,1456.0,77.78
31587,United Kingdom,2020-06-17,15710.0,1466.0,77.78
31588,United Kingdom,2020-06-18,15772.0,1471.0,77.78
31589,United Kingdom,2020-06-19,15912.0,1475.0,77.78
31590,United Kingdom,2020-06-20,15959.0,1476.0,77.78
31591,United Kingdom,2020-06-21,16035.0,1477.0,77.78
31592,United Kingdom,2020-06-22,16101.0,1478.0,77.78
31593,United Kingdom,2020-06-23,16232.0,1483.0,77.78
31594,United Kingdom,2020-06-24,16269.0,1491.0,77.78
31595,United Kingdom,2020-06-25,16329.0,1497.0,77.78
31596,United Kingdom,2020-06-26,16348.0,1497.0,77.78
31597,United Kingdom,2020-06-27,16488.0,1502.0,77.78
31598,United Kingdom,2020-06-28,16516.0,1504.0,77.78
31599,United Kingdom,2020-06-29,16559.0,1507.0,74.07
31600,United Kingdom,2020-06-30,16594.0,1510.0,74.07
31601,United Kingdom,2020-07-01,16621.0,1516.0,74.07
31602,United Kingdom,2020-07-02,16649.0,1524.0,74.07
31603,United Kingdom,2020-07-03,16668.0,1525.0,74.07
31604,United Kingdom,2020-07-04,16677.0,1530.0,74.07
31605,United Kingdom,2020-07-05,16689.0,1531.0,74.07
31606,United Kingdom,2020-07-06,16724.0,1531.0,62.96
31607,United Kingdom,2020-07-07,16752.0,1534.0,62.96
31608,United Kingdom,2020-07-08,16766.0,1538.0,62.96
31609,United Kingdom,2020-07-09,16788.0,1540.0,62.96
31610,United Kingdom,2020-07-10,16817.0,1540.0,62.96
31611,United Kingdom,2020-07-11,16829.0,1541.0,62.96
31612,United Kingdom,2020-07-12,16839.0,1541.0,62.96
31613,United Kingdom,2020-07-13,16863.0,1541.0,62.96
31614,United Kingdom,2020-07-14,16886.0,1543.0,62.96
31615,United Kingdom,2020-07-15,16904.0,1545.0,62.96
31616,United Kingdom,2020-07-16,16929.0,1545.0,62.96
31617,United Kingdom,2020-07-17,16946.0,1546.0,62.96
31618,United Kingdom,2020-07-18,16957.0,1546.0,62.96
31619,United Kingdom,2020-07-19,16967.0,1547.0,62.96
31620,United Kingdom,2020-07-20,17010.0,1547.0,62.96
31621,United Kingdom,2020-07-21,17071.0,1547.0,62.96
31622,United Kingdom,2020-07-22,17096.0,1548.0,62.96
31623,United Kingdom,2020-07-23,17127.0,1548.0,62.96
31624,United Kingdom,2020-07-24,17157.0,1548.0,62.96
31625,United Kingdom,2020-07-25,17181.0,1548.0,62.96
31626,United Kingdom,2020-07-26,17216.0,1549.0,62.96
31627,United Kingdom,2020-07-27,17239.0,1549.0,62.96
31628,United Kingdom,2020-07-28,17266.0,1549.0,62.96
31629,United Kingdom,2020-07-29,17293.0,1554.0,62.96
31630,United Kingdom,2020-07-30,17323.0,1554.0,62.96
31631,United Kingdom,2020-07-31,17339.0,1560.0,62.96
31632,United Kingdom,2020-08-01,17355.0,1562.0,62.96
31633,United Kingdom,2020-08-02,17369.0,1565.0,62.96
31634,United Kingdom,2020-08-03,17391.0,1565.0,62.96
31635,United Kingdom,2020-08-04,17415.0,1566.0,62.96
31636,United Kingdom,2020-08-05,17437.0,1568.0,62.96
31637,United Kingdom,2020-08-06,17459.0,1571.0,62.96
31638,United Kingdom,2020-08-07,17474.0,1578.0,62.96
31639,United Kingdom,2020-08-08,17479.0,1579.0,62.96
31640,United Kingdom,2020-08-09,17487.0,1579.0,62.96
31641,United Kingdom,2020-08-10,17506.0,1579.0,62.96
31642,United Kingdom,2020-08-11,17533.0,1581.0,62.96
31643,United Kingdom,2020-08-12,17557.0,1586.0,62.96
31644,United Kingdom,2020-08-13,17574.0,1586.0,62.96
31645,United Kingdom,2020-08-14,17591.0,1586.0,62.96
31646,United Kingdom,2020-08-15,17601.0,1587.0,62.96
31647,United Kingdom,2020-08-16,17619.0,1589.0,59.26
31648,United Kingdom,2020-08-17,17638.0,1589.0,59.26
31649,United Kingdom,2020-08-18,17676.0,1589.0,59.26
31650,United Kingdom,2020-08-19,17711.0,1589.0,59.26
31651,United Kingdom,2020-08-20,17742.0,1589.0,59.26
31652,United Kingdom,2020-08-21,17765.0,1589.0,59.26
31653,United Kingdom,2020-08-22,17784.0,1590.0,59.26
31654,United Kingdom,2020-08-23,17795.0,1592.0,59.26
31655,United Kingdom,2020-08-24,17831.0,1593.0,59.26
31656,United Kingdom,2020-08-25,17881.0,1593.0,48.15
31657,United Kingdom,2020-08-26,17925.0,1594.0,48.15
